Tipo_Registro;Nr_Contrato;Dt_Vencimento;Tipo_Parcela;Nr_Parcela;Vl_Original;Vl_Saldo;Vl_Tarifa;Cliente;Dt_Inclusao;Dt_Devolucao;Dt_Inibicao;Motivo;Dt_Notificacao;Marcar_Dt_Lote;Dt_Lote;Documento;
7;000061636-2;10/09/2017;0;5;1.699,52;1.699,52;;3215;;13/12/2017;;61;;;;;
7;000061636-2;09/10/2017;0;5;1.699,52;1.699,52;;3215;;13/12/2017;;61;;;;;
7;000062247-2;30/10/2017;0;1;13.671,30;13.671,30;;3216;;13/12/2017;;61;;;;;
7;000063340-2;19/10/2017;0;4;614,99;614,99;;3217;;13/12/2017;;61;;;;;
7;000064247-2;05/10/2017;0;3;3.131,40;3.131,40;;3215;;13/12/2017;;61;;;;;
7;000064362-2;02/10/2017;0;1;2.202,50;2.202,50;;3215;;13/12/2017;;61;;;;;
7;000064372-2;10/10/2017;0;5;960,37;960,37;;3215;;13/12/2017;;61;;;;;
7;000064390-2;10/10/2017;0;3;34.000,68;34.000,68;;3216;;13/12/2017;;61;;;;;
7;000064518-2;02/10/2017;0;1;2.202,50;2.202,50;;3215;;13/12/2017;;61;;;;;
7;000064539-2;15/10/2017;0;3;1.454,40;1.454,40;;3215;;13/12/2017;;61;;;;;
7;000064549-2;15/10/2017;0;3;2.833,38;2.833,38;;3215;;13/12/2017;;61;;;;;
7;000064595-2;16/10/2017;0;3;2.182,26;2.182,26;;3216;;13/12/2017;;61;;;;;
7;000064646-2;16/10/2017;0;4;283,47;283,47;;3215;;13/12/2017;;61;;;;;
7;000064673-2;17/10/2017;0;4;245,84;245,84;;3215;;13/12/2017;;61;;;;;
7;000064682-2;17/10/2017;0;3;1.933,32;1.933,32;;3216;;13/12/2017;;61;;;;;
7;000064684-2;17/10/2017;0;4;547,53;547,53;;3215;;13/12/2017;;61;;;;;
7;000064790-2;19/10/2017;0;3;22.260,44;22.260,44;;3218;;13/12/2017;;61;;;;;
7;000064909-2;23/10/2017;0;3;1.344,10;1.344,10;;3217;;13/12/2017;;61;;;;;
7;000064918-2;23/10/2017;0;4;236,75;236,75;;3218;;13/12/2017;;61;;;;;
7;000064993-2;25/10/2017;0;3;1.091,68;1.091,68;;3217;;13/12/2017;;61;;;;;
7;000065008-2;25/10/2017;0;3;28.697,25;28.697,25;;3218;;13/12/2017;;61;;;;;
7;000065012-2;25/10/2017;0;4;1.200,00;1.200,00;;3215;;13/12/2017;;61;;;;;
7;000065144-2;14/10/2017;0;3;6.598,64;6.598,64;;3216;;13/12/2017;;61;;;;;
7;000065251-2;02/10/2017;0;1;1.990,00;1.990,00;;3215;;13/12/2017;;61;;;;;
7;000065274-2;02/10/2017;0;2;1.038,31;1.038,31;;3215;;13/12/2017;;61;;;;;
7;000065293-2;03/10/2017;0;3;247,25;247,25;;3216;;13/12/2017;;61;;;;;
7;000065293-2;02/11/2017;0;4;247,25;247,25;;3216;;13/12/2017;;61;;;;;
7;000065304-2;03/10/2017;0;1;2.250,00;2.250,00;;3215;;13/12/2017;;61;;;;;
7;000065352-2;06/10/2017;0;2;382,17;382,17;;3215;;13/12/2017;;61;;;;;
7;000065352-2;05/11/2017;0;3;382,18;382,18;;3215;;13/12/2017;;61;;;;;
7;000065392-2;07/10/2017;0;2;577,40;577,40;;3216;;13/12/2017;;61;;;;;
7;000065499-2;08/11/2017;0;3;768,42;768,42;;3215;;13/12/2017;;61;;;;;
7;000065517-2;10/09/2017;0;2;893,60;893,60;;3215;;13/12/2017;;61;;;;;
7;000065517-2;09/10/2017;0;2;893,60;893,60;;3215;;13/12/2017;;61;;;;;
7;000065539-2;10/10/2017;0;2;455,58;455,58;;3215;;13/12/2017;;61;;;;;
7;000065556-2;10/10/2017;0;2;616,00;616,00;;3215;;13/12/2017;;61;;;;;
7;000065569-2;10/10/2017;0;2;1.987,50;1.987,50;;3215;;13/12/2017;;61;;;;;
7;000065572-2;10/10/2017;0;1;116.000,00;116.000,00;;3218;;13/12/2017;;61;;;;;
7;000065578-2;10/10/2017;0;1;2.250,00;2.250,00;;3215;;13/12/2017;;61;;;;;
7;000065678-2;14/10/2017;0;2;3.359,55;3.359,55;;3215;;13/12/2017;;61;;;;;
7;000065706-2;15/10/2017;0;3;3.400,06;3.400,06;;3217;;13/12/2017;;61;;;;;
7;000065782-2;16/10/2017;0;3;704,25;704,25;;3215;;13/12/2017;;61;;;;;
7;000065812-2;16/10/2017;0;3;785,22;785,22;;3215;;13/12/2017;;61;;;;;
7;000065823-2;16/10/2017;0;2;20.066,47;20.066,47;;3218;;13/12/2017;;61;;;;;
7;000065833-2;17/10/2017;0;1;1.800,00;1.800,00;;3215;;13/12/2017;;61;;;;;
7;000065877-2;17/10/2017;0;2;2.166,65;2.166,65;;3215;;13/12/2017;;61;;;;;
7;000065897-2;17/10/2017;0;2;19.979,80;19.979,80;;3218;;13/12/2017;;61;;;;;
7;000065902-2;02/10/2017;0;1;53.935,06;53.935,06;;3216;;13/12/2017;;61;;;;;
7;000065902-2;27/10/2017;0;2;53.935,06;53.935,06;;3216;;13/12/2017;;61;;;;;
7;000065933-2;20/10/2017;0;2;1.050,37;1.050,37;;3215;;13/12/2017;;61;;;;;
7;000065999-2;21/10/2017;0;3;246,00;246,00;;3215;;13/12/2017;;61;;;;;
7;000066090-2;04/10/2017;0;2;1.163,27;1.163,27;;3215;;13/12/2017;;61;;;;;
7;000066121-2;06/11/2017;0;3;1.726,63;1.726,63;;3217;;13/12/2017;;61;;;;;
7;000066172-2;08/10/2017;0;1;2.981,07;2.981,07;;3215;;13/12/2017;;61;;;;;
7;000066189-2;24/10/2017;0;3;782,67;782,67;;3216;;13/12/2017;;61;;;;;
7;000066211-2;24/10/2017;0;2;819,99;819,99;;3215;;13/12/2017;;61;;;;;
7;000066257-2;24/10/2017;0;2;351,18;351,18;;3215;;13/12/2017;;61;;;;;
7;000066270-2;09/10/2017;0;1;54.241,91;54.241,91;;3216;;13/12/2017;;61;;;;;
7;000066369-2;28/10/2017;0;2;1.663,98;1.663,98;;3215;;13/12/2017;;61;;;;;
7;000066374-2;03/10/2017;0;2;500,03;500,03;;3215;;13/12/2017;;61;;;;;
7;000066374-2;10/10/2017;0;3;500,04;500,04;;3215;;13/12/2017;;61;;;;;
7;000066425-2;28/10/2017;0;1;2.490,01;2.490,01;;3216;;13/12/2017;;61;;;;;
7;000066499-2;29/10/2017;0;2;1.174,70;1.174,70;;3215;;13/12/2017;;61;;;;;
7;000066524-2;30/10/2017;0;1;152.385,00;152.385,00;;3218;;13/12/2017;;61;;;;;
7;000066526-2;30/10/2017;0;1;142.212,00;142.212,00;;3218;;13/12/2017;;61;;;;;
7;000066536-2;30/10/2017;0;2;1.472,00;1.472,00;;3215;;13/12/2017;;61;;;;;
7;000066544-2;30/10/2017;0;2;1.334,32;1.334,32;;3215;;13/12/2017;;61;;;;;
7;000066557-2;30/10/2017;0;2;2.212,64;2.212,64;;3215;;13/12/2017;;61;;;;;
7;000066583-2;30/10/2017;0;2;2.719,97;2.719,97;;3215;;13/12/2017;;61;;;;;
7;000066584-2;30/10/2017;0;1;134.250,00;134.250,00;;3218;;13/12/2017;;61;;;;;
7;000066598-2;05/10/2017;0;2;1.468,00;1.468,00;;3215;;13/12/2017;;61;;;;;
7;000066598-2;12/10/2017;0;3;1.468,00;1.468,00;;3215;;13/12/2017;;61;;;;;
7;000066598-2;19/10/2017;0;4;1.468,00;1.468,00;;3215;;13/12/2017;;61;;;;;
7;000066598-2;26/10/2017;0;5;1.468,00;1.468,00;;3215;;13/12/2017;;61;;;;;
7;000066606-2;30/10/2017;0;1;134.250,00;134.250,00;;3218;;13/12/2017;;61;;;;;
7;000066621-2;10/05/2017;0;1;7.909,50;7.909,50;;3216;;13/12/2017;;61;;;;;
7;000066621-2;05/10/2017;0;1;7.909,50;7.909,50;;3216;;13/12/2017;;61;;;;;
7;000066628-2;05/10/2017;0;2;3.318,15;3.318,15;;3215;;13/12/2017;;61;;;;;
7;000066628-2;12/10/2017;0;3;3.318,25;3.318,25;;3215;;13/12/2017;;61;;;;;
7;000066629-2;05/10/2017;0;2;372,22;372,22;;3215;;13/12/2017;;61;;;;;
7;000066629-2;12/10/2017;0;3;372,23;372,23;;3215;;13/12/2017;;61;;;;;
7;000066640-2;30/10/2017;0;3;227,38;227,38;;3216;;13/12/2017;;61;;;;;
7;000066659-2;31/10/2017;0;3;212,64;212,64;;3215;;13/12/2017;;61;;;;;
7;000066714-2;04/10/2017;0;1;790,00;790,00;;3215;;13/12/2017;;61;;;;;
7;000066757-2;17/10/2017;0;2;1.879,77;1.879,77;;3215;;13/12/2017;;61;;;;;
7;000066773-2;13/10/2017;0;1;3.100,00;3.100,00;;3215;;13/12/2017;;61;;;;;
7;000066811-2;10/06/2017;0;2;219,76;219,76;;3215;;13/12/2017;;61;;;;;
7;000066811-2;06/10/2017;0;2;219,76;219,76;;3215;;13/12/2017;;61;;;;;
7;000066811-2;05/11/2017;0;3;219,76;219,76;;3215;;13/12/2017;;61;;;;;
7;000066832-2;08/10/2017;0;2;5.248,00;5.248,00;;3215;;13/12/2017;;61;;;;;
7;000066832-2;07/11/2017;0;3;5.248,00;5.248,00;;3215;;13/12/2017;;61;;;;;
7;000066896-2;11/10/2017;0;1;3.256,00;3.256,00;;3218;;13/12/2017;;61;;;;;
7;000066896-2;10/11/2017;0;2;3.256,00;3.256,00;;3218;;13/12/2017;;61;;;;;
7;000066911-2;10/11/2017;0;3;756,31;756,31;;3215;;13/12/2017;;61;;;;;
7;000066920-2;11/10/2017;0;1;534,85;534,85;;3216;;13/12/2017;;61;;;;;
7;000066920-2;10/11/2017;0;2;534,85;534,85;;3216;;13/12/2017;;61;;;;;
7;000066929-2;10/11/2017;0;3;850,99;850,99;;3217;;13/12/2017;;61;;;;;
7;000066982-2;10/10/2017;0;1;3.052,00;3.052,00;;3215;;13/12/2017;;61;;;;;
7;000067011-2;13/10/2017;0;2;484,72;484,72;;3215;;13/12/2017;;61;;;;;
7;000067023-2;13/10/2017;0;1;7.240,59;7.240,59;;3215;;13/12/2017;;61;;;;;
7;000067029-2;11/10/2017;0;1;789,00;789,00;;3215;;13/12/2017;;61;;;;;
7;000067034-2;13/10/2017;0;1;3.390,58;3.390,58;;3215;;13/12/2017;;61;;;;;
7;000067037-2;13/10/2017;0;1;1.397,99;1.397,99;;3215;;13/12/2017;;61;;;;;
7;000067066-2;14/10/2017;0;1;3.463,30;3.463,30;;3215;;13/12/2017;;61;;;;;
7;000067111-2;13/10/2017;0;1;372,97;372,97;;3217;;13/12/2017;;61;;;;;
7;000067111-2;27/10/2017;0;2;372,96;372,96;;3217;;13/12/2017;;61;;;;;
7;000067134-2;13/10/2017;0;1;2.750,00;2.750,00;;3215;;13/12/2017;;61;;;;;
7;000067139-2;30/10/2017;0;2;2.286,28;2.286,28;;3217;;13/12/2017;;61;;;;;
7;000067140-2;15/10/2017;0;1;790,00;790,00;;3215;;13/12/2017;;61;;;;;
7;000067155-2;30/10/2017;0;2;1.033,32;1.033,32;;3217;;13/12/2017;;61;;;;;
7;000067230-2;19/10/2017;0;1;2.548,00;2.548,00;;3215;;13/12/2017;;61;;;;;
7;000067240-2;17/10/2017;0;1;2.390,00;2.390,00;;3215;;13/12/2017;;61;;;;;
7;000067242-2;19/10/2017;0;2;1.921,76;1.921,76;;3217;;13/12/2017;;61;;;;;
7;000067242-2;03/11/2017;0;3;1.921,82;1.921,82;;3217;;13/12/2017;;61;;;;;
7;000067252-2;17/10/2017;0;1;1.100,00;1.100,00;;3215;;13/12/2017;;61;;;;;
7;000067296-2;20/10/2017;0;1;8.068,00;8.068,00;;3215;;13/12/2017;;61;;;;;
7;000067303-2;18/10/2017;0;1;595,11;595,11;;3215;;13/12/2017;;61;;;;;
7;000067305-2;18/10/2017;0;1;3.047,00;3.047,00;;3215;;13/12/2017;;61;;;;;
7;000067311-2;05/10/2017;0;1;434,62;434,62;;3215;;13/12/2017;;61;;;;;
7;000067311-2;20/10/2017;0;2;434,62;434,62;;3215;;13/12/2017;;61;;;;;
7;000067319-2;20/10/2017;0;1;2.618,00;2.618,00;;3215;;13/12/2017;;61;;;;;
7;000067342-2;21/10/2017;0;1;924,00;924,00;;3215;;13/12/2017;;61;;;;;
7;000067342-2;05/11/2017;0;2;924,00;924,00;;3215;;13/12/2017;;61;;;;;
7;000067343-2;06/10/2017;0;1;247,73;247,73;;3215;;13/12/2017;;61;;;;;
7;000067394-2;22/10/2017;0;1;11.664,00;11.664,00;;3215;;13/12/2017;;61;;;;;
7;000067432-2;20/10/2017;0;1;1.216,00;1.216,00;;3215;;13/12/2017;;61;;;;;
7;000067464-2;22/10/2017;0;1;48.148,92;48.148,92;;3215;;13/12/2017;;61;;;;;
7;000067505-2;09/11/2017;0;2;5.809,95;5.809,95;;3215;;13/12/2017;;61;;;;;
7;000067535-2;26/10/2017;0;1;930,67;930,67;;3216;;13/12/2017;;61;;;;;
7;000067545-2;24/10/2017;0;1;1.850,00;1.850,00;;3215;;13/12/2017;;61;;;;;
7;000067570-2;24/10/2017;0;1;765,00;765,00;;3216;;13/12/2017;;61;;;;;
7;000067587-2;11/10/2017;0;1;234,75;234,75;;3215;;13/12/2017;;61;;;;;
7;000067611-2;24/10/2017;0;1;10.051,84;10.051,84;;3216;;13/12/2017;;61;;;;;
7;000067612-2;10/11/2017;0;1;4.669,00;4.669,00;;3215;;13/12/2017;;61;;;;;
7;000067614-2;26/10/2017;0;1;8.106,00;8.106,00;;3215;;13/12/2017;;61;;;;;
7;000067664-2;25/10/2017;0;1;4.823,28;4.823,28;;3217;;13/12/2017;;61;;;;;
7;000067696-2;13/10/2017;0;1;838,99;838,99;;3216;;13/12/2017;;61;;;;;
7;000067696-2;28/10/2017;0;2;838,99;838,99;;3216;;13/12/2017;;61;;;;;
7;000067699-2;28/10/2017;0;1;6.203,00;6.203,00;;3215;;13/12/2017;;61;;;;;
7;000067711-2;13/10/2017;0;1;1.050,98;1.050,98;;3215;;13/12/2017;;61;;;;;
7;000067712-2;28/10/2017;0;1;2.564,97;2.564,97;;3218;;13/12/2017;;61;;;;;
7;000067730-2;28/10/2017;0;1;1.728,22;1.728,22;;3217;;13/12/2017;;61;;;;;
7;000067733-2;13/10/2017;0;1;1.008,34;1.008,34;;3217;;13/12/2017;;61;;;;;
7;000067733-2;28/10/2017;0;2;1.008,34;1.008,34;;3217;;13/12/2017;;61;;;;;
7;000067767-2;13/10/2017;0;1;234,75;234,75;;3215;;13/12/2017;;61;;;;;
7;000067768-2;13/10/2017;0;1;220,57;220,57;;3215;;13/12/2017;;61;;;;;
7;000067768-2;28/10/2017;0;2;220,57;220,57;;3215;;13/12/2017;;61;;;;;
7;000067802-2;29/10/2017;0;1;9.968,23;9.968,23;;3218;;13/12/2017;;61;;;;;
7;000067808-2;27/10/2017;0;1;784,00;784,00;;3215;;13/12/2017;;61;;;;;
7;000067812-2;06/11/2017;0;1;1.160,03;1.160,03;;3215;;13/12/2017;;61;;;;;
7;000067852-2;29/10/2017;0;1;3.666,63;3.666,63;;3217;;13/12/2017;;61;;;;;
7;000067859-2;10/11/2017;0;3;1.553,36;1.553,36;;3215;;13/12/2017;;61;;;;;
7;000067879-2;29/10/2017;0;1;372,50;372,50;;3215;;13/12/2017;;61;;;;;
7;000067883-2;14/10/2017;0;1;500,00;500,00;;3215;;13/12/2017;;61;;;;;
7;000067907-2;29/10/2017;0;1;728,73;728,73;;3215;;13/12/2017;;61;;;;;
7;000067925-2;29/10/2017;0;1;1.538,50;1.538,50;;3215;;13/12/2017;;61;;;;;
7;000067927-2;29/10/2017;0;1;3.900,00;3.900,00;;3216;;13/12/2017;;61;;;;;
7;000067943-2;27/10/2017;0;1;3.780,00;3.780,00;;3216;;13/12/2017;;61;;;;;
7;000067946-2;27/10/2017;0;1;9.195,00;9.195,00;;3215;;13/12/2017;;61;;;;;
7;000067988-2;06/11/2017;0;1;4.428,00;4.428,00;;3215;;13/12/2017;;61;;;;;
7;000068008-2;03/10/2017;0;1;1.392,00;1.392,00;;3216;;13/12/2017;;61;;;;;
7;000068014-2;18/10/2017;0;1;225,32;225,32;;3215;;13/12/2017;;61;;;;;
7;000068014-2;02/11/2017;0;2;225,32;225,32;;3215;;13/12/2017;;61;;;;;
7;000068020-2;02/11/2017;0;1;10.920,00;10.920,00;;3215;;13/12/2017;;61;;;;;
7;000068023-2;24/10/2017;0;1;5.700,00;5.700,00;;3215;;13/12/2017;;61;;;;;
7;000068023-2;31/10/2017;0;2;5.700,00;5.700,00;;3215;;13/12/2017;;61;;;;;
7;000068042-2;18/10/2017;0;1;948,20;948,20;;3215;;13/12/2017;;61;;;;;
7;000068052-2;03/10/2017;0;1;2.133,30;2.133,30;;3215;;13/12/2017;;61;;;;;
7;000068057-2;02/11/2017;0;1;2.250,01;2.250,01;;3216;;13/12/2017;;61;;;;;
7;000068084-2;04/10/2017;0;1;778,88;778,88;;3215;;13/12/2017;;61;;;;;
7;000068089-2;03/11/2017;0;1;2.140,00;2.140,00;;3217;;13/12/2017;;61;;;;;
7;000068091-2;03/11/2017;0;1;2.380,00;2.380,00;;3216;;13/12/2017;;61;;;;;
7;000068099-2;04/10/2017;0;1;45.429,00;45.429,00;;3218;;13/12/2017;;61;;;;;
7;000068105-2;03/11/2017;0;2;959,96;959,96;;3217;;13/12/2017;;61;;;;;
7;000068160-2;20/10/2017;0;1;540,00;540,00;;3215;;13/12/2017;;61;;;;;
7;000068160-2;04/11/2017;0;2;540,00;540,00;;3215;;13/12/2017;;61;;;;;
7;000068161-2;04/11/2017;0;1;933,32;933,32;;3215;;13/12/2017;;61;;;;;
7;000068168-2;04/11/2017;0;1;795,00;795,00;;3215;;13/12/2017;;61;;;;;
7;000068176-2;04/11/2017;0;1;3.150,16;3.150,16;;3215;;13/12/2017;;61;;;;;
7;000068239-2;03/11/2017;0;1;12.000,00;12.000,00;;3215;;13/12/2017;;61;;;;;
7;000068241-2;05/11/2017;0;1;876,82;876,82;;3216;;13/12/2017;;61;;;;;
7;000068245-2;21/10/2017;0;1;1.099,00;1.099,00;;3215;;13/12/2017;;61;;;;;
7;000068258-2;05/11/2017;0;1;7.210,00;7.210,00;;3215;;13/12/2017;;61;;;;;
7;000068262-2;13/10/2017;0;1;1.800,00;1.800,00;;3215;;13/12/2017;;61;;;;;
7;000068281-2;05/11/2017;0;1;1.697,32;1.697,32;;3215;;13/12/2017;;61;;;;;
7;000068295-2;08/11/2017;0;2;1.161,04;1.161,04;;3215;;13/12/2017;;61;;;;;
7;000068307-2;09/10/2017;0;1;875,40;875,40;;3215;;13/12/2017;;61;;;;;
7;000068326-2;08/11/2017;0;1;3.010,00;3.010,00;;3215;;13/12/2017;;61;;;;;
7;000068354-2;09/11/2017;0;1;1.691,28;1.691,28;;3215;;13/12/2017;;61;;;;;
7;000068364-2;07/11/2017;0;2;241,63;241,63;;3217;;13/12/2017;;61;;;;;
7;000068371-2;09/11/2017;0;1;1.309,20;1.309,20;;3215;;13/12/2017;;61;;;;;
7;000068379-2;10/10/2017;0;1;1.407,65;1.407,65;;3215;;13/12/2017;;61;;;;;
7;000068381-2;25/10/2017;0;1;1.465,65;1.465,65;;3216;;13/12/2017;;61;;;;;
7;000068381-2;09/11/2017;0;2;1.465,65;1.465,65;;3216;;13/12/2017;;61;;;;;
7;000068411-2;11/10/2017;0;1;1.867,26;1.867,26;;3215;;13/12/2017;;61;;;;;
7;000068412-2;08/11/2017;0;1;840,00;840,00;;3216;;13/12/2017;;61;;;;;
7;000068419-2;10/11/2017;0;1;1.356,18;1.356,18;;3215;;13/12/2017;;61;;;;;
7;000068435-2;10/11/2017;0;1;1.496,31;1.496,31;;3215;;13/12/2017;;61;;;;;
7;000068458-2;10/11/2017;0;2;1.146,11;1.146,11;;3215;;13/12/2017;;61;;;;;
7;000068463-2;10/11/2017;0;1;4.996,62;4.996,62;;3215;;13/12/2017;;61;;;;;
7;000068466-2;11/10/2017;0;1;7.225,00;7.225,00;;3218;;13/12/2017;;61;;;;;
7;000068480-2;08/11/2017;0;2;218,41;218,41;;3215;;13/12/2017;;61;;;;;
7;000068582-2;31/10/2017;0;1;217,90;217,90;;3215;;13/12/2017;;61;;;;;
7;000068634-2;01/11/2017;0;1;1.463,32;1.463,32;;3216;;13/12/2017;;61;;;;;
7;000068652-2;01/11/2017;0;1;1.041,80;1.041,80;;3216;;13/12/2017;;61;;;;;
7;000068659-2;17/10/2017;0;1;596,30;596,30;;3217;;13/12/2017;;61;;;;;
7;000068669-2;02/11/2017;0;1;530,62;530,62;;3215;;13/12/2017;;61;;;;;
7;000068704-2;02/11/2017;0;1;581,14;581,14;;3215;;13/12/2017;;61;;;;;
7;000068737-2;19/10/2017;0;1;8.706,90;8.706,90;;3215;;13/12/2017;;61;;;;;
7;000068776-2;19/10/2017;0;1;770,00;770,00;;3215;;13/12/2017;;61;;;;;
7;000068780-2;19/10/2017;0;1;988,93;988,93;;3215;;13/12/2017;;61;;;;;
7;000068837-2;04/11/2017;0;1;7.800,00;7.800,00;;3215;;13/12/2017;;61;;;;;
7;000068854-2;20/10/2017;0;1;15.400,00;15.400,00;;3215;;13/12/2017;;61;;;;;
7;000068860-2;20/10/2017;0;1;1.540,00;1.540,00;;3215;;13/12/2017;;61;;;;;
7;000068869-2;10/11/2017;0;1;656,52;656,52;;3215;;13/12/2017;;61;;;;;
7;000068877-2;04/11/2017;0;1;3.097,97;3.097,97;;3215;;13/12/2017;;61;;;;;
7;000068877-2;10/11/2017;0;2;3.097,97;3.097,97;;3215;;13/12/2017;;61;;;;;
7;000068989-2;08/11/2017;0;1;4.352,00;4.352,00;;3215;;13/12/2017;;61;;;;;
7;000069011-2;09/11/2017;0;1;365,00;365,00;;3217;;13/12/2017;;61;;;;;
7;000303986-2;28/10/2017;0;4;8.220,28;8.220,28;;3216;;13/12/2017;;61;;;;;
7;000304096-2;11/10/2017;0;3;28.188,34;28.188,34;;3216;;13/12/2017;;61;;;;;
7;000304096-2;10/11/2017;0;3;28.188,34;28.188,34;;3216;;13/12/2017;;61;;;;;
7;000304204-2;23/10/2017;0;3;970,01;970,01;;3216;;13/12/2017;;61;;;;;
7;000304255-2;29/10/2017;0;3;1.666,70;1.666,70;;3216;;13/12/2017;;61;;;;;
7;000304265-2;29/10/2017;0;3;46.778,87;46.778,87;;3215;;13/12/2017;;61;;;;;
7;000304269-2;29/10/2017;0;3;710,94;710,94;;3215;;13/12/2017;;61;;;;;
7;000304406-2;13/10/2017;0;1;920,53;920,53;;3216;;13/12/2017;;61;;;;;
7;000304455-2;20/10/2017;0;2;4.133,29;4.133,29;;3215;;13/12/2017;;61;;;;;
7;000304510-2;13/10/2017;0;3;2.266,25;2.266,25;;3218;;13/12/2017;;61;;;;;
7;000304510-2;28/10/2017;0;4;2.266,25;2.266,25;;3218;;13/12/2017;;61;;;;;
7;000304563-2;30/10/2017;0;2;18.720,81;18.720,81;;3215;;13/12/2017;;61;;;;;
7;000304612-2;05/10/2017;0;1;894,99;894,99;;3215;;13/12/2017;;61;;;;;
7;000304612-2;04/11/2017;0;2;894,99;894,99;;3215;;13/12/2017;;61;;;;;
7;000304636-2;08/10/2017;0;2;1.489,99;1.489,99;;3215;;13/12/2017;;61;;;;;
7;000304636-2;07/11/2017;0;3;1.490,03;1.490,03;;3215;;13/12/2017;;61;;;;;
7;000304646-2;11/10/2017;0;1;3.313,30;3.313,30;;3215;;13/12/2017;;61;;;;;
7;000304646-2;10/11/2017;0;2;3.313,30;3.313,30;;3215;;13/12/2017;;61;;;;;
7;000304667-2;13/10/2017;0;1;594,99;594,99;;3215;;13/12/2017;;61;;;;;
7;000304755-2;19/10/2017;0;1;250,00;250,00;;3215;;13/12/2017;;61;;;;;
7;000304759-2;03/11/2017;0;2;291,20;291,20;;3215;;13/12/2017;;61;;;;;
7;000304761-2;19/10/2017;0;1;3.480,00;3.480,00;;3215;;13/12/2017;;61;;;;;
7;000304772-2;20/10/2017;0;1;4.800,00;4.800,00;;3215;;13/12/2017;;61;;;;;
7;000304789-2;21/10/2017;0;1;1.246,81;1.246,81;;3216;;13/12/2017;;61;;;;;
7;000304828-2;10/10/2017;0;1;3.000,00;3.000,00;;3215;;13/12/2017;;61;;;;;
7;000304829-2;10/10/2017;0;1;3.000,00;3.000,00;;3215;;13/12/2017;;61;;;;;
7;000304840-2;24/10/2017;0;1;493,71;493,71;;3215;;13/12/2017;;61;;;;;
7;000304860-2;12/10/2017;0;1;9.774,00;9.774,00;;3215;;13/12/2017;;61;;;;;
7;000304875-2;13/10/2017;0;1;181,10;181,10;;3215;;13/12/2017;;61;;;;;
7;000304890-2;28/10/2017;0;1;3.846,81;3.846,81;;3217;;13/12/2017;;61;;;;;
7;000304906-2;29/10/2017;0;1;7.320,00;7.320,00;;3215;;13/12/2017;;61;;;;;
7;000304964-2;05/10/2017;0;1;712,89;712,89;;3215;;13/12/2017;;61;;;;;
7;000304967-2;04/11/2017;0;1;324,00;324,00;;3215;;13/12/2017;;61;;;;;
7;000305027-2;11/10/2017;0;1;398,80;398,80;;3215;;13/12/2017;;61;;;;;
7;000305029-2;08/11/2017;0;1;6.300,00;6.300,00;;3215;;13/12/2017;;61;;;;;
7;000305052-2;10/11/2017;0;1;445,07;445,07;;3215;;13/12/2017;;61;;;;;
7;000305133-2;10/11/2017;0;1;498,75;498,75;;3216;;13/12/2017;;61;;;;;
7;000305136-2;10/11/2017;0;1;266,00;266,00;;3215;;13/12/2017;;61;;;;;
7;000305164-2;08/11/2017;0;1;620,00;620,00;;3217;;13/12/2017;;61;;;;;
7;000305165-2;08/11/2017;0;1;310,00;310,00;;3217;;13/12/2017;;61;;;;;
7;000305173-2;09/11/2017;0;1;779,99;779,99;;3215;;13/12/2017;;61;;;;;
7;001106134-2;05/10/2017;0;5;338,00;338,00;;3215;;13/12/2017;;61;;;;;
7;001106805-2;14/10/2017;0;5;107,19;107,19;;3215;;13/12/2017;;61;;;;;
7;001106864-2;15/10/2017;0;5;155,80;155,80;;3215;;13/12/2017;;61;;;;;
7;001106977-2;16/10/2017;0;5;1.803,40;1.803,40;;3215;;13/12/2017;;61;;;;;
7;001106978-2;16/10/2017;0;5;901,71;901,71;;3215;;13/12/2017;;61;;;;;
7;001106992-2;16/10/2017;0;5;3.606,75;3.606,75;;3215;;13/12/2017;;61;;;;;
7;001107018-2;16/10/2017;0;5;197,59;197,59;;3215;;13/12/2017;;61;;;;;
7;001107176-2;20/10/2017;0;5;1.803,40;1.803,40;;3215;;13/12/2017;;61;;;;;
7;001108000-2;03/10/2017;0;4;150,40;150,40;;3215;;13/12/2017;;61;;;;;
7;001108352-2;07/10/2017;0;4;332,70;332,70;;3215;;13/12/2017;;61;;;;;
7;001108360-2;07/10/2017;0;4;135,00;135,00;;3215;;13/12/2017;;61;;;;;
7;001108717-2;17/10/2017;0;4;400,00;400,00;;3215;;13/12/2017;;61;;;;;
7;001108773-2;18/10/2017;0;4;5.379,99;5.379,99;;3215;;13/12/2017;;61;;;;;
7;001108788-2;18/10/2017;0;4;330,50;330,50;;3215;;13/12/2017;;61;;;;;
7;001108926-2;20/10/2017;0;4;181,83;181,83;;3215;;13/12/2017;;61;;;;;
7;001109030-2;05/11/2017;0;3;935,36;935,36;;3215;;13/12/2017;;61;;;;;
7;001109545-2;28/10/2017;0;4;2.108,27;2.108,27;;3216;;13/12/2017;;61;;;;;
7;001109570-2;02/10/2017;0;3;320,00;320,00;;3215;;13/12/2017;;61;;;;;
7;001109599-2;10/02/2017;0;3;566,61;566,61;;3215;;13/12/2017;;61;;;;;
7;001109599-2;02/10/2017;0;3;566,61;566,61;;3215;;13/12/2017;;61;;;;;
7;001109608-2;02/10/2017;0;3;692,69;692,69;;3215;;13/12/2017;;61;;;;;
7;001109808-2;05/10/2017;0;3;680,00;680,00;;3215;;13/12/2017;;61;;;;;
7;001109890-2;08/10/2017;0;3;10.620,00;10.620,00;;3216;;13/12/2017;;61;;;;;
7;001109890-2;07/11/2017;0;4;10.619,99;10.619,99;;3216;;13/12/2017;;61;;;;;
7;001110183-2;11/10/2017;0;3;1.848,74;1.848,74;;3215;;13/12/2017;;61;;;;;
7;001110183-2;10/11/2017;0;4;1.848,72;1.848,72;;3215;;13/12/2017;;61;;;;;
7;001110259-2;12/10/2017;0;3;310,00;310,00;;3215;;13/12/2017;;61;;;;;
7;001110286-2;12/10/2017;0;3;475,00;475,00;;3215;;13/12/2017;;61;;;;;
7;001110363-2;16/10/2017;0;3;1.080,02;1.080,02;;3215;;13/12/2017;;61;;;;;
7;001110420-2;17/10/2017;0;3;700,01;700,01;;3215;;13/12/2017;;61;;;;;
7;001110434-2;17/10/2017;0;3;86.077,65;86.077,65;;3215;;13/12/2017;;61;;;;;
7;001110435-2;22/10/2017;0;2;7.969,75;7.969,75;;3216;;13/12/2017;;61;;;;;
7;001110445-2;17/10/2017;0;3;1.716,71;1.716,71;;3215;;13/12/2017;;61;;;;;
7;001110585-2;19/10/2017;0;3;145,82;145,82;;3215;;13/12/2017;;61;;;;;
7;001110595-2;19/10/2017;0;3;1.300,02;1.300,02;;3215;;13/12/2017;;61;;;;;
7;001110602-2;19/10/2017;0;3;1.070,02;1.070,02;;3215;;13/12/2017;;61;;;;;
7;001110756-2;23/10/2017;0;3;1.250,03;1.250,03;;3215;;13/12/2017;;61;;;;;
7;001110809-2;24/10/2017;0;3;1.080,02;1.080,02;;3215;;13/12/2017;;61;;;;;
7;001110981-2;26/10/2017;0;4;338,75;338,75;;3215;;13/12/2017;;61;;;;;
7;001111204-2;01/10/2017;0;2;514,83;514,83;;3215;;13/12/2017;;61;;;;;
7;001111285-2;02/10/2017;0;1;11.075,00;11.075,00;;3215;;13/12/2017;;61;;;;;
7;001111340-2;03/10/2017;0;2;330,00;330,00;;3215;;13/12/2017;;61;;;;;
7;001111370-2;03/10/2017;0;2;8.733,25;8.733,25;;3215;;13/12/2017;;61;;;;;
7;001111394-2;03/10/2017;0;1;8.825,00;8.825,00;;3215;;13/12/2017;;61;;;;;
7;001111397-2;03/10/2017;0;3;1.238,49;1.238,49;;3215;;13/12/2017;;61;;;;;
7;001111431-2;06/10/2017;0;2;945,66;945,66;;3215;;13/12/2017;;61;;;;;
7;001111431-2;05/11/2017;0;3;945,68;945,68;;3215;;13/12/2017;;61;;;;;
7;001111443-2;06/10/2017;0;3;661,80;661,80;;3215;;13/12/2017;;61;;;;;
7;001111457-2;06/10/2017;0;2;2.179,98;2.179,98;;3215;;13/12/2017;;61;;;;;
7;001111457-2;05/11/2017;0;3;2.180,05;2.180,05;;3215;;13/12/2017;;61;;;;;
7;001111502-2;07/10/2017;0;2;179,53;179,53;;3215;;13/12/2017;;61;;;;;
7;001111502-2;06/11/2017;0;3;179,54;179,54;;3215;;13/12/2017;;61;;;;;
7;001111555-2;08/10/2017;0;2;514,25;514,25;;3215;;13/12/2017;;61;;;;;
7;001111565-2;08/10/2017;0;3;8.000,16;8.000,16;;3217;;13/12/2017;;61;;;;;
7;001111628-2;09/10/2017;0;2;903,33;903,33;;3215;;13/12/2017;;61;;;;;
7;001111628-2;08/11/2017;0;3;903,35;903,35;;3215;;13/12/2017;;61;;;;;
7;001111647-2;08/11/2017;0;3;2.568,39;2.568,39;;3216;;13/12/2017;;61;;;;;
7;001111702-2;10/10/2017;0;3;890,80;890,80;;3217;;13/12/2017;;61;;;;;
7;001111717-2;10/10/2017;0;3;681,34;681,34;;3215;;13/12/2017;;61;;;;;
7;001111718-2;10/10/2017;0;2;1.429,31;1.429,31;;3215;;13/12/2017;;61;;;;;
7;001111718-2;09/11/2017;0;3;1.429,35;1.429,35;;3215;;13/12/2017;;61;;;;;
7;001111719-2;10/10/2017;0;2;1.501,80;1.501,80;;3215;;13/12/2017;;61;;;;;
7;001111737-2;10/10/2017;0;2;2.133,49;2.133,49;;3215;;13/12/2017;;61;;;;;
7;001111742-2;10/10/2017;0;1;8.825,00;8.825,00;;3215;;13/12/2017;;61;;;;;
7;001111765-2;13/10/2017;0;2;813,33;813,33;;3215;;13/12/2017;;61;;;;;
7;001111885-2;14/10/2017;0;2;3.501,36;3.501,36;;3215;;13/12/2017;;61;;;;;
7;001111896-2;14/10/2017;0;3;466,69;466,69;;3215;;13/12/2017;;61;;;;;
7;001111951-2;15/10/2017;0;2;926,65;926,65;;3216;;13/12/2017;;61;;;;;
7;001111968-2;15/10/2017;0;3;701,94;701,94;;3215;;13/12/2017;;61;;;;;
7;001111973-2;16/10/2017;0;3;666,03;666,03;;3215;;13/12/2017;;61;;;;;
7;001111988-2;16/10/2017;0;2;2.291,64;2.291,64;;3215;;13/12/2017;;61;;;;;
7;001111992-2;16/10/2017;0;2;1.139,66;1.139,66;;3216;;13/12/2017;;61;;;;;
7;001112046-2;16/10/2017;0;2;14.166,52;14.166,52;;3215;;13/12/2017;;61;;;;;
7;001112074-2;17/10/2017;0;1;7.060,00;7.060,00;;3215;;13/12/2017;;61;;;;;
7;001112077-2;17/10/2017;0;2;1.956,53;1.956,53;;3215;;13/12/2017;;61;;;;;
7;001112085-2;17/10/2017;0;2;498,04;498,04;;3215;;13/12/2017;;61;;;;;
7;001112151-2;17/10/2017;0;2;1.239,99;1.239,99;;3215;;13/12/2017;;61;;;;;
7;001112157-2;17/10/2017;0;2;9.249,91;9.249,91;;3215;;13/12/2017;;61;;;;;
7;001112163-2;17/10/2017;0;2;608,33;608,33;;3216;;13/12/2017;;61;;;;;
7;001112170-2;17/10/2017;0;2;528,00;528,00;;3216;;13/12/2017;;61;;;;;
7;001112183-2;20/10/2017;0;2;966,66;966,66;;3215;;13/12/2017;;61;;;;;
7;001112200-2;20/10/2017;0;3;3.700,08;3.700,08;;3217;;13/12/2017;;61;;;;;
7;001112257-2;20/10/2017;0;2;699,99;699,99;;3215;;13/12/2017;;61;;;;;
7;001112334-2;06/10/2017;0;2;1.474,99;1.474,99;;3215;;13/12/2017;;61;;;;;
7;001112334-2;21/10/2017;0;3;1.475,02;1.475,02;;3215;;13/12/2017;;61;;;;;
7;001112351-2;04/10/2017;0;2;183,88;183,88;;3215;;13/12/2017;;61;;;;;
7;001112392-2;07/10/2017;0;3;426,64;426,64;;3215;;13/12/2017;;61;;;;;
7;001112534-2;24/10/2017;0;2;507,88;507,88;;3215;;13/12/2017;;61;;;;;
7;001112546-2;24/10/2017;0;2;223,36;223,36;;3217;;13/12/2017;;61;;;;;
7;001112570-2;20/10/2017;0;2;815,73;815,73;;3215;;13/12/2017;;61;;;;;
7;001112594-2;24/10/2017;0;1;2.576,00;2.576,00;;3216;;13/12/2017;;61;;;;;
7;001112598-2;24/10/2017;0;3;1.037,13;1.037,13;;3215;;13/12/2017;;61;;;;;
7;001112631-2;27/10/2017;0;3;822,25;822,25;;3216;;13/12/2017;;61;;;;;
7;001112638-2;27/10/2017;0;2;549,99;549,99;;3216;;13/12/2017;;61;;;;;
7;001112720-2;28/10/2017;0;3;8.043,49;8.043,49;;3217;;13/12/2017;;61;;;;;
7;001112734-2;28/10/2017;0;3;3.818,40;3.818,40;;3217;;13/12/2017;;61;;;;;
7;001112765-2;28/10/2017;0;2;759,18;759,18;;3216;;13/12/2017;;61;;;;;
7;001112830-2;29/10/2017;0;3;2.050,04;2.050,04;;3215;;13/12/2017;;61;;;;;
7;001112837-2;29/10/2017;0;2;510,00;510,00;;3216;;13/12/2017;;61;;;;;
7;001112841-2;14/10/2017;0;2;220,34;220,34;;3215;;13/12/2017;;61;;;;;
7;001112851-2;29/10/2017;0;2;1.749,99;1.749,99;;3215;;13/12/2017;;61;;;;;
7;001112857-2;29/10/2017;0;2;776,18;776,18;;3215;;13/12/2017;;61;;;;;
7;001112996-2;30/10/2017;0;3;2.864,05;2.864,05;;3215;;13/12/2017;;61;;;;;
7;001113015-2;05/10/2017;0;1;2.693,41;2.693,41;;3215;;13/12/2017;;61;;;;;
7;001113023-2;13/10/2017;0;2;534,36;534,36;;3215;;13/12/2017;;61;;;;;
7;001113073-2;04/10/2017;0;1;5.639,94;5.639,94;;3216;;13/12/2017;;61;;;;;
7;001113184-2;10/05/2017;0;1;3.266,63;3.266,63;;3215;;13/12/2017;;61;;;;;
7;001113184-2;05/10/2017;0;1;3.266,63;3.266,63;;3215;;13/12/2017;;61;;;;;
7;001113184-2;04/11/2017;0;2;3.266,63;3.266,63;;3215;;13/12/2017;;61;;;;;
7;001113209-2;06/10/2017;0;1;1.462,85;1.462,85;;3215;;13/12/2017;;61;;;;;
7;001113209-2;05/11/2017;0;2;1.462,85;1.462,85;;3215;;13/12/2017;;61;;;;;
7;001113237-2;06/10/2017;0;1;2.749,97;2.749,97;;3215;;13/12/2017;;61;;;;;
7;001113246-2;06/10/2017;0;1;350,99;350,99;;3215;;13/12/2017;;61;;;;;
7;001113251-2;06/10/2017;0;1;247,38;247,38;;3215;;13/12/2017;;61;;;;;
7;001113251-2;06/10/2017;71;1;247,38;247,38;;3215;;13/12/2017;;61;;;;;
7;001113272-2;06/10/2017;0;1;295,99;295,99;;3215;;13/12/2017;;61;;;;;
7;001113288-2;17/10/2017;0;1;3.379,08;3.379,08;;3215;;13/12/2017;;61;;;;;
7;001113325-2;11/10/2017;0;1;3.939,57;3.939,57;;3215;;13/12/2017;;61;;;;;
7;001113325-2;26/10/2017;0;2;3.939,57;3.939,57;;3215;;13/12/2017;;61;;;;;
7;001113329-2;09/10/2017;0;1;5.123,37;5.123,37;;3215;;13/12/2017;;61;;;;;
7;001113331-2;11/10/2017;0;1;250,00;250,00;;3215;;13/12/2017;;61;;;;;
7;001113331-2;10/11/2017;0;1;250,00;250,00;;3215;;13/12/2017;;61;;;;;
7;001113336-2;09/10/2017;0;1;216,20;216,20;;3215;;13/12/2017;;61;;;;;
7;001113337-2;09/10/2017;0;1;181,70;181,70;;3215;;13/12/2017;;61;;;;;
7;001113350-2;11/10/2017;0;2;470,66;470,66;;3218;;13/12/2017;;61;;;;;
7;001113350-2;26/10/2017;0;3;470,68;470,68;;3218;;13/12/2017;;61;;;;;
7;001113353-2;09/10/2017;0;1;199,00;199,00;;3215;;13/12/2017;;61;;;;;
7;001113382-2;12/10/2017;0;1;4.704,96;4.704,96;;3216;;13/12/2017;;61;;;;;
7;001113417-2;27/10/2017;0;1;5.224,00;5.224,00;;3215;;13/12/2017;;61;;;;;
7;001113428-2;27/10/2017;0;2;260,33;260,33;;3215;;13/12/2017;;61;;;;;
7;001113429-2;12/10/2017;0;1;762,33;762,33;;3215;;13/12/2017;;61;;;;;
7;001113505-2;13/10/2017;0;1;1.329,99;1.329,99;;3215;;13/12/2017;;61;;;;;
7;001113523-2;14/10/2017;0;1;219,68;219,68;;3215;;13/12/2017;;61;;;;;
7;001113570-2;13/10/2017;0;1;878,39;878,39;;3215;;13/12/2017;;61;;;;;
7;001113613-2;13/10/2017;0;1;3.000,00;3.000,00;;3215;;13/12/2017;;61;;;;;
7;001113627-2;15/10/2017;0;1;3.468,00;3.468,00;;3215;;13/12/2017;;61;;;;;
7;001113636-2;13/10/2017;0;1;859,00;859,00;;3215;;13/12/2017;;61;;;;;
7;001113639-2;30/10/2017;0;2;7.266,59;7.266,59;;3217;;13/12/2017;;61;;;;;
7;001113640-2;15/10/2017;0;1;450,47;450,47;;3215;;13/12/2017;;61;;;;;
7;001113642-2;15/10/2017;0;1;937,99;937,99;;3216;;13/12/2017;;61;;;;;
7;001113649-2;13/10/2017;0;1;1.198,00;1.198,00;;3215;;13/12/2017;;61;;;;;
7;001113665-2;06/10/2017;0;1;317,40;317,40;;3215;;13/12/2017;;61;;;;;
7;001113668-2;15/10/2017;0;1;1.639,98;1.639,98;;3216;;13/12/2017;;61;;;;;
7;001113712-2;10/03/2017;0;1;515,00;515,00;;3215;;13/12/2017;;61;;;;;
7;001113712-2;03/10/2017;0;1;515,00;515,00;;3215;;13/12/2017;;61;;;;;
7;001113712-2;18/10/2017;0;2;515,00;515,00;;3215;;13/12/2017;;61;;;;;
7;001113713-2;18/10/2017;0;1;5.040,70;5.040,70;;3218;;13/12/2017;;61;;;;;
7;001113740-2;19/10/2017;0;1;780,00;780,00;;3215;;13/12/2017;;61;;;;;
7;001113780-2;17/10/2017;0;1;3.936,00;3.936,00;;3215;;13/12/2017;;61;;;;;
7;001113795-2;19/10/2017;0;1;1.386,77;1.386,77;;3215;;13/12/2017;;61;;;;;
7;001113801-2;04/10/2017;0;1;801,00;801,00;;3215;;13/12/2017;;61;;;;;
7;001113801-2;19/10/2017;0;2;801,00;801,00;;3215;;13/12/2017;;61;;;;;
7;001113802-2;19/10/2017;0;1;1.749,99;1.749,99;;3215;;13/12/2017;;61;;;;;
7;001113836-2;20/10/2017;0;1;725,06;725,06;;3215;;13/12/2017;;61;;;;;
7;001113843-2;20/10/2017;0;1;347,75;347,75;;3215;;13/12/2017;;61;;;;;
7;001113863-2;04/11/2017;0;2;869,81;869,81;;3217;;13/12/2017;;61;;;;;
7;001113878-2;20/10/2017;0;1;486,62;486,62;;3215;;13/12/2017;;61;;;;;
7;001113894-2;20/10/2017;0;1;14.390,00;14.390,00;;3215;;13/12/2017;;61;;;;;
7;001113896-2;20/10/2017;0;1;8.999,91;8.999,91;;3217;;13/12/2017;;61;;;;;
7;001113896-2;04/11/2017;0;2;8.999,91;8.999,91;;3217;;13/12/2017;;61;;;;;
7;001113900-2;18/10/2017;0;1;4.584,00;4.584,00;;3215;;13/12/2017;;61;;;;;
7;001113919-2;18/10/2017;0;1;909,00;909,00;;3215;;13/12/2017;;61;;;;;
7;001113921-2;04/11/2017;0;1;756,38;756,38;;3215;;13/12/2017;;61;;;;;
7;001113950-2;21/10/2017;0;1;2.100,09;2.100,09;;3215;;13/12/2017;;61;;;;;
7;001113994-2;22/10/2017;0;1;750,76;750,76;;3218;;13/12/2017;;61;;;;;
7;001113995-2;22/10/2017;0;1;565,99;565,99;;3217;;13/12/2017;;61;;;;;
7;001113995-2;06/11/2017;0;2;565,99;565,99;;3217;;13/12/2017;;61;;;;;
7;001114019-2;20/10/2017;0;1;959,40;959,40;;3215;;13/12/2017;;61;;;;;
7;001114019-2;03/11/2017;0;3;959,42;959,42;;3215;;13/12/2017;;61;;;;;
7;001114037-2;22/10/2017;0;1;1.574,60;1.574,60;;3216;;13/12/2017;;61;;;;;
7;001114041-2;20/10/2017;0;1;959,41;959,41;;3215;;13/12/2017;;61;;;;;
7;001114041-2;03/11/2017;0;2;959,40;959,40;;3215;;13/12/2017;;61;;;;;
7;001114042-2;22/10/2017;0;1;2.082,62;2.082,62;;3215;;13/12/2017;;61;;;;;
7;001114087-2;09/11/2017;0;1;998,00;998,00;;3215;;13/12/2017;;61;;;;;
7;001114106-2;10/10/2017;0;1;500,77;500,77;;3217;;13/12/2017;;61;;;;;
7;001114106-2;25/10/2017;0;2;500,77;500,77;;3217;;13/12/2017;;61;;;;;
7;001114122-2;10/10/2017;0;1;294,08;294,08;;3217;;13/12/2017;;61;;;;;
7;001114128-2;23/10/2017;0;1;760,00;760,00;;3215;;13/12/2017;;61;;;;;
7;001114145-2;25/10/2017;0;1;594,99;594,99;;3216;;13/12/2017;;61;;;;;
7;001114165-2;10/11/2017;0;2;410,35;410,35;;3215;;13/12/2017;;61;;;;;
7;001114168-2;26/10/2017;0;1;1.766,65;1.766,65;;3215;;13/12/2017;;61;;;;;
7;001114172-2;10/11/2017;0;1;2.850,01;2.850,01;;3216;;13/12/2017;;61;;;;;
7;001114224-2;11/10/2017;0;1;486,66;486,66;;3215;;13/12/2017;;61;;;;;
7;001114224-2;26/10/2017;0;2;486,66;486,66;;3215;;13/12/2017;;61;;;;;
7;001114229-2;24/10/2017;0;1;766,00;766,00;;3216;;13/12/2017;;61;;;;;
7;001114253-2;27/10/2017;0;1;369,45;369,45;;3217;;13/12/2017;;61;;;;;
7;001114265-2;27/10/2017;0;1;905,59;905,59;;3215;;13/12/2017;;61;;;;;
7;001114305-2;27/10/2017;0;1;1.710,65;1.710,65;;3216;;13/12/2017;;61;;;;;
7;001114341-2;28/10/2017;0;1;8.267,20;8.267,20;;3218;;13/12/2017;;61;;;;;
7;001114359-2;13/10/2017;0;1;527,77;527,77;;3215;;13/12/2017;;61;;;;;
7;001114365-2;28/10/2017;0;1;1.044,85;1.044,85;;3215;;13/12/2017;;61;;;;;
7;001114373-2;28/10/2017;0;1;1.670,00;1.670,00;;3215;;13/12/2017;;61;;;;;
7;001114378-2;28/10/2017;0;1;2.999,97;2.999,97;;3215;;13/12/2017;;61;;;;;
7;001114403-2;28/10/2017;0;1;1.880,00;1.880,00;;3217;;13/12/2017;;61;;;;;
7;001114404-2;09/11/2017;0;3;4.228,37;4.228,37;;3215;;13/12/2017;;61;;;;;
7;001114408-2;26/10/2017;0;1;255,96;255,96;;3218;;13/12/2017;;61;;;;;
7;001114408-2;09/11/2017;0;2;255,95;255,95;;3218;;13/12/2017;;61;;;;;
7;001114414-2;28/10/2017;0;1;524,32;524,32;;3215;;13/12/2017;;61;;;;;
7;001114443-2;29/10/2017;0;1;4.344,29;4.344,29;;3215;;13/12/2017;;61;;;;;
7;001114470-2;27/10/2017;0;1;861,00;861,00;;3215;;13/12/2017;;61;;;;;
7;001114471-2;27/10/2017;0;1;550,00;550,00;;3216;;13/12/2017;;61;;;;;
7;001114472-2;27/10/2017;0;1;550,00;550,00;;3216;;13/12/2017;;61;;;;;
7;001114496-2;03/11/2017;0;1;1.175,00;1.175,00;;3215;;13/12/2017;;61;;;;;
7;001114560-2;27/10/2017;0;1;277,37;277,37;;3215;;13/12/2017;;61;;;;;
7;001114563-2;29/10/2017;0;1;780,00;780,00;;3215;;13/12/2017;;61;;;;;
7;001114576-2;29/10/2017;0;1;2.160,00;2.160,00;;3217;;13/12/2017;;61;;;;;
7;001114578-2;10/11/2017;0;2;1.923,75;1.923,75;;3218;;13/12/2017;;61;;;;;
7;001114582-2;29/10/2017;0;1;925,64;925,64;;3215;;13/12/2017;;61;;;;;
7;001114585-2;14/10/2017;0;1;86,25;86,25;;3215;;13/12/2017;;61;;;;;
7;001114588-2;29/10/2017;0;1;1.294,79;1.294,79;;3215;;13/12/2017;;61;;;;;
7;001114626-2;14/10/2017;0;1;755,65;755,65;;3217;;13/12/2017;;61;;;;;
7;001114626-2;29/10/2017;0;2;755,65;755,65;;3217;;13/12/2017;;61;;;;;
7;001114628-2;29/10/2017;0;1;1.303,50;1.303,50;;3215;;13/12/2017;;61;;;;;
7;001114636-2;30/10/2017;0;1;15.960,00;15.960,00;;3218;;13/12/2017;;61;;;;;
7;001114639-2;02/10/2017;0;1;517,71;517,71;;3216;;13/12/2017;;61;;;;;
7;001114641-2;02/10/2017;0;1;2.805,00;2.805,00;;3215;;13/12/2017;;61;;;;;
7;001114661-2;02/11/2017;0;2;1.085,00;1.085,00;;3215;;13/12/2017;;61;;;;;
7;001114695-2;02/11/2017;0;1;334,81;334,81;;3215;;13/12/2017;;61;;;;;
7;001114714-2;04/10/2017;0;1;3.655,01;3.655,01;;3218;;13/12/2017;;61;;;;;
7;001114716-2;03/11/2017;0;1;322,89;322,89;;3218;;13/12/2017;;61;;;;;
7;001114717-2;19/10/2017;0;1;345,00;345,00;;3217;;13/12/2017;;61;;;;;
7;001114717-2;03/11/2017;0;2;345,00;345,00;;3217;;13/12/2017;;61;;;;;
7;001114745-2;03/11/2017;0;1;2.538,30;2.538,30;;3215;;13/12/2017;;61;;;;;
7;001114750-2;01/11/2017;0;1;1.194,00;1.194,00;;3215;;13/12/2017;;61;;;;;
7;001114757-2;03/11/2017;0;2;321,33;321,33;;3215;;13/12/2017;;61;;;;;
7;001114771-2;20/10/2017;0;1;624,60;624,60;;3217;;13/12/2017;;61;;;;;
7;001114771-2;04/11/2017;0;2;624,60;624,60;;3217;;13/12/2017;;61;;;;;
7;001114776-2;05/10/2017;0;1;470,00;470,00;;3215;;13/12/2017;;61;;;;;
7;001114824-2;04/11/2017;0;1;260,62;260,62;;3215;;13/12/2017;;61;;;;;
7;001114835-2;04/11/2017;0;1;865,27;865,27;;3215;;13/12/2017;;61;;;;;
7;001114864-2;05/11/2017;0;1;9.973,23;9.973,23;;3217;;13/12/2017;;61;;;;;
7;001114865-2;05/11/2017;0;1;407,00;407,00;;3215;;13/12/2017;;61;;;;;
7;001114873-2;06/10/2017;0;1;7.800,00;7.800,00;;3218;;13/12/2017;;61;;;;;
7;001114874-2;06/10/2017;0;1;1.850,00;1.850,00;;3215;;13/12/2017;;61;;;;;
7;001114882-2;03/11/2017;0;1;580,00;580,00;;3217;;13/12/2017;;61;;;;;
7;001114886-2;06/10/2017;0;1;1.180,99;1.180,99;;3215;;13/12/2017;;61;;;;;
7;001114937-2;06/11/2017;0;1;762,65;762,65;;3215;;13/12/2017;;61;;;;;
7;001114938-2;08/11/2017;0;1;389,99;389,99;;3215;;13/12/2017;;61;;;;;
7;001114943-2;09/10/2017;0;1;954,99;954,99;;3216;;13/12/2017;;61;;;;;
7;001114956-2;24/10/2017;0;1;1.233,65;1.233,65;;3217;;13/12/2017;;61;;;;;
7;001114956-2;08/11/2017;0;2;1.233,65;1.233,65;;3217;;13/12/2017;;61;;;;;
7;001114978-2;07/11/2017;0;1;1.650,00;1.650,00;;3215;;13/12/2017;;61;;;;;
7;001115011-2;09/11/2017;0;1;306,30;306,30;;3218;;13/12/2017;;61;;;;;
7;001115015-2;10/10/2017;0;1;1.550,00;1.550,00;;3215;;13/12/2017;;61;;;;;
7;001115020-2;10/10/2017;0;1;466,58;466,58;;3215;;13/12/2017;;61;;;;;
7;001115023-2;31/10/2017;0;1;1.813,32;1.813,32;;3217;;13/12/2017;;61;;;;;
7;001115023-2;07/11/2017;0;2;1.813,32;1.813,32;;3217;;13/12/2017;;61;;;;;
7;001115026-2;07/11/2017;0;1;983,19;983,19;;3217;;13/12/2017;;61;;;;;
7;001115031-2;07/11/2017;0;1;1.399,98;1.399,98;;3215;;13/12/2017;;61;;;;;
7;001115048-2;08/11/2017;0;1;832,34;832,34;;3216;;13/12/2017;;61;;;;;
7;001115079-2;10/11/2017;0;1;612,59;612,59;;3216;;13/12/2017;;61;;;;;
7;001115083-2;11/10/2017;0;1;1.364,84;1.364,84;;3215;;13/12/2017;;61;;;;;
7;001115085-2;10/11/2017;0;1;3.750,00;3.750,00;;3216;;13/12/2017;;61;;;;;
7;001115097-2;11/10/2017;0;1;590,35;590,35;;3215;;13/12/2017;;61;;;;;
7;001115097-2;10/11/2017;0;2;590,35;590,35;;3215;;13/12/2017;;61;;;;;
7;001115107-2;08/11/2017;0;1;280,00;280,00;;3217;;13/12/2017;;61;;;;;
7;001115108-2;08/11/2017;0;1;162,00;162,00;;3215;;13/12/2017;;61;;;;;
7;001115114-2;08/11/2017;0;1;783,00;783,00;;3215;;13/12/2017;;61;;;;;
7;001115118-2;08/11/2017;0;1;7.037,68;7.037,68;;3217;;13/12/2017;;61;;;;;
7;001115123-2;08/11/2017;0;1;829,98;829,98;;3215;;13/12/2017;;61;;;;;
7;001115131-2;10/11/2017;0;1;956,07;956,07;;3215;;13/12/2017;;61;;;;;
7;001115155-2;10/11/2017;0;1;3.125,00;3.125,00;;3215;;13/12/2017;;61;;;;;
7;001115164-2;10/11/2017;0;1;2.912,57;2.912,57;;3215;;13/12/2017;;61;;;;;
7;001115166-2;10/11/2017;0;1;1.749,98;1.749,98;;3215;;13/12/2017;;61;;;;;
7;001115182-2;10/11/2017;0;1;1.720,65;1.720,65;;3215;;13/12/2017;;61;;;;;
7;001115191-2;28/10/2017;0;1;2.669,97;2.669,97;;3215;;13/12/2017;;61;;;;;
7;001115191-2;03/11/2017;0;2;2.669,97;2.669,97;;3215;;13/12/2017;;61;;;;;
7;001115191-2;10/11/2017;0;3;2.670,05;2.670,05;;3215;;13/12/2017;;61;;;;;
7;001115205-2;13/10/2017;0;1;461,20;461,20;;3215;;13/12/2017;;61;;;;;
7;001115209-2;03/11/2017;0;1;559,81;559,81;;3217;;13/12/2017;;61;;;;;
7;001115209-2;10/11/2017;0;2;559,81;559,81;;3217;;13/12/2017;;61;;;;;
7;001115226-2;16/10/2017;0;1;796,59;796,59;;3215;;13/12/2017;;61;;;;;
7;001115271-2;01/11/2017;0;1;1.234,32;1.234,32;;3215;;13/12/2017;;61;;;;;
7;001115316-2;01/11/2017;0;1;4.272,23;4.272,23;;3215;;13/12/2017;;61;;;;;
7;001115316-2;07/11/2017;0;2;4.272,23;4.272,23;;3215;;13/12/2017;;61;;;;;
7;001115343-2;02/11/2017;0;1;416,88;416,88;;3215;;13/12/2017;;61;;;;;
7;001115382-2;08/11/2017;0;1;697,00;697,00;;3216;;13/12/2017;;61;;;;;
7;001115398-2;02/11/2017;0;1;2.059,98;2.059,98;;3215;;13/12/2017;;61;;;;;
7;001115398-2;08/11/2017;0;2;2.059,98;2.059,98;;3215;;13/12/2017;;61;;;;;
7;001115429-2;18/10/2017;0;1;3.036,00;3.036,00;;3215;;13/12/2017;;61;;;;;
7;001115495-2;19/10/2017;0;1;429,90;429,90;;3215;;13/12/2017;;61;;;;;
7;001115515-2;04/11/2017;0;1;924,66;924,66;;3215;;13/12/2017;;61;;;;;
7;001115526-2;04/11/2017;0;1;703,00;703,00;;3215;;13/12/2017;;61;;;;;
7;001115601-2;20/10/2017;0;1;2.969,09;2.969,09;;3215;;13/12/2017;;61;;;;;
7;001115614-2;07/11/2017;0;1;374,33;374,33;;3215;;13/12/2017;;61;;;;;
7;001115709-2;08/11/2017;0;1;640,00;640,00;;3216;;13/12/2017;;61;;;;;
7;001115801-2;09/11/2017;0;1;1.574,98;1.574,98;;3215;;13/12/2017;;61;;;;;
7;0102;20/12/2017;71;1;300,00;300,00;;3215;;13/12/2017;;61;;;;;
7;0102;20/01/2018;71;2;300,00;300,00;;3215;;13/12/2017;;61;;;;;
7;4001131;30/06/2017;72;1;484,15;484,15;;3165;;13/12/2017;;61;;;;;
7;4001131;07/07/2017;72;2;484,15;484,15;;3165;;13/12/2017;;61;;;;;
7;4001131;14/07/2017;72;3;484,17;484,17;;3165;;13/12/2017;;61;;;;;